run	collected_at	repo	commit	files	bytes	safetensors	not_safe	unscanned	bundle
2026-07-29T04:28:47Z-43517	2026-07-29T04:28:50Z	zai-org/GLM-5.2-FP8	ba978f7d347eaf65d22f1a86833408afdb953541	50	235992631846	44	0	0	/Users/cheewaichong/Work/Baking/Scans/downloader/temp/hf-audit/zai-org__glm-5.2-fp8/ba978f7d347eaf65d22f1a86833408afdb953541
2026-07-31T02:27:56Z-51773	2026-07-31T02:27:58Z	MERaLiON/MERaLiON-3-10B	3d5c2f772641b1cfeba35743df3db32a07db8c48	19	19924098278	5	0	0	/Users/cheewaichong/Work/Baking/Scans/downloader/temp/hf-audit/meralion__meralion-3-10b/3d5c2f772641b1cfeba35743df3db32a07db8c48
2026-07-31T02:27:56Z-51773	2026-07-31T02:28:00Z	MERaLiON/MERaLiON-3-3B-ASR	9f226d738dee62c60a2f43b0ab7b9a2585a132c3	21	6654501559	2	0	0	/Users/cheewaichong/Work/Baking/Scans/downloader/temp/hf-audit/meralion__meralion-3-3b-asr/9f226d738dee62c60a2f43b0ab7b9a2585a132c3
2026-07-31T02:27:56Z-51773	2026-07-31T02:28:01Z	MERaLiON/MERaLiON-2-10B	57bb08fd110af1f1ef5a6b16d53ac240393d4f93	22	20254665791	5	0	0	/Users/cheewaichong/Work/Baking/Scans/downloader/temp/hf-audit/meralion__meralion-2-10b/57bb08fd110af1f1ef5a6b16d53ac240393d4f93
2026-07-31T02:27:56Z-51773	2026-07-31T02:28:03Z	MERaLiON/MERaLiON-2-10B-ASR	3291e0b1f2fc48e43001b24ab500b38758003639	22	20254663352	5	0	0	/Users/cheewaichong/Work/Baking/Scans/downloader/temp/hf-audit/meralion__meralion-2-10b-asr/3291e0b1f2fc48e43001b24ab500b38758003639
2026-07-31T02:27:56Z-51773	2026-07-31T02:28:20Z	MERaLiON/MERaLiON-2-3B	a03e40e9ae4f45fb3d575ed7f67bd9fd5304920d	19	6983510696	2	0	0	/Users/cheewaichong/Work/Baking/Scans/downloader/temp/hf-audit/meralion__meralion-2-3b/a03e40e9ae4f45fb3d575ed7f67bd9fd5304920d
2026-07-31T02:27:56Z-51773	2026-07-31T02:28:22Z	Qwen/Qwen3.5-27B	fc05daec18b0a78c049392ed2e771dde82bdf654	24	55586167982	11	0	0	/Users/cheewaichong/Work/Baking/Scans/downloader/temp/hf-audit/qwen__qwen3.5-27b/fc05daec18b0a78c049392ed2e771dde82bdf654
2026-07-31T02:27:56Z-51773	2026-07-31T02:28:25Z	qwen/Qwen3.5-35B-A3b	59d61f3ce65a6d9863b86d2e96597125219dc754	27	71927084782	14	0	0	/Users/cheewaichong/Work/Baking/Scans/downloader/temp/hf-audit/qwen__qwen3.5-35b-a3b/59d61f3ce65a6d9863b86d2e96597125219dc754
2026-07-31T02:27:56Z-51773	2026-07-31T02:28:43Z	qwen/Qwen3.5-9B	c202236235762e1c871ad0ccb60c8ee5ba337b9a	16	19329393661	4	0	0	/Users/cheewaichong/Work/Baking/Scans/downloader/temp/hf-audit/qwen__qwen3.5-9b/c202236235762e1c871ad0ccb60c8ee5ba337b9a
